property_id,name,price,area,max_occupants,current_occupants,type,has_mezzanine,has_balcony,status,approval_status,amenities,images,panorama_images,description,safety_score
1,Phòng 101,3700000,27.5,3,0,STUDIO,True,False,AVAILABLE,APPROVED,"[""Tủ lạnh"",""Wifi tốc độ cao"",""Máy lạnh"",""Tủ quần áo"",""Kệ bếp""]","[""https://res.cloudinary.com/dvvlxnwuk/image/upload/v1775103234/smart-rental/properties/npgfpj3j5w1hayeo703a.jpg""]",,"Phòng studio rộng rãi, đầy đủ tiện nghi gần IUH.",90
1,Phòng 102,4000000,30.0,4,0,ONE_BEDROOM,False,True,AVAILABLE,APPROVED,"[""Ban công"",""Máy giặt"",""Máy lạnh"",""Wifi"",""Tủ lạnh""]","[""https://res.cloudinary.com/dvvlxnwuk/image/upload/v1776144515/smart-rental/properties/xnn8lrqkvg3uz4qg3dmc.jpg""]",,Phòng có ban công thoáng mát.,88
1,Phòng 103,3500000,25.5,2,0,STUDIO,True,False,AVAILABLE,APPROVED,"[""Tủ lạnh"",""Wifi tốc độ cao"",""Máy lạnh"",""Tủ quần áo""]","[""https://res.cloudinary.com/dvvlxnwuk/image/upload/v1776144584/smart-rental/properties/g50qn6ildjmcnuufwr55.jpg""]",,"Phòng studio gọn gàng, giá tốt.",85
2,Phòng 101,5000000,38.0,2,0,STUDIO,True,False,AVAILABLE,APPROVED,"[""Tủ lạnh"",""Wifi tốc độ cao"",""Máy lạnh"",""Tủ quần áo"",""Kệ bếp""]","[""https://res.cloudinary.com/disdu197t/image/upload/v1778309862/Screenshot_2026-05-09_133330_ksxyun.png""]",,"Phòng Studio đầy đủ tiện nghi, thoáng mát.",90
2,Phòng 102,7500000,40.0,3,0,ONE_BEDROOM,False,True,AVAILABLE,APPROVED,"[""Tủ lạnh"",""Wifi tốc độ cao"",""Máy lạnh"",""Tủ quần áo"",""Kệ bếp""]","[""https://res.cloudinary.com/disdu197t/image/upload/v1778309856/Screenshot_2026-05-09_134328_hadbf2.png""]",,Căn hộ 1 phòng ngủ có ban công rộng.,85
2,Phòng 103,12000000,65.0,4,0,TWO_BEDROOM,False,True,AVAILABLE,APPROVED,"[""Tủ lạnh"",""Wifi tốc độ cao"",""Máy lạnh"",""Tủ quần áo"",""Kệ bếp""]","[""https://res.cloudinary.com/disdu197t/image/upload/v1778309857/Screenshot_2026-05-09_134708_otshqq.png""]",,Căn hộ 2 phòng ngủ phù hợp cho gia đình.,88
3,Phòng 201,1800000,20.0,2,0,STUDIO,False,False,AVAILABLE,APPROVED,"[""WIFI"",""PARKING"",""AIR_CONDITIONER""]","[""https://pt123.cdn.static123.com/images/thumbs/900x600/fit/2026/03/08/img-3468_1772939292.jpg""]",,"Phòng trọ giá rẻ, gần Lotte Mart.",82
3,Phòng 202,2200000,25.0,3,0,STUDIO,False,True,AVAILABLE,APPROVED,"[""WIFI"",""PARKING"",""AIR_CONDITIONER"",""Máy giặt""]","[""https://pt123.cdn.static123.com/images/thumbs/900x600/fit/2026/03/08/e3959e8cc9bf1c3777c7762033b2a1b7_1772939293.jpg""]",,"Phòng có ban công, thoáng mát.",84
3,Phòng 203,2000000,22.0,2,0,STUDIO,False,False,AVAILABLE,APPROVED,"[""WIFI"",""PARKING"",""AIR_CONDITIONER""]","[""https://pt123.cdn.static123.com/images/thumbs/900x600/fit/2026/03/08/img-3392_1772939293.jpg""]",,"Phòng ký túc xá sạch sẽ, tiện nghi cơ bản.",80
